,,APC,APC,APC,APC,APC,APC,APC,AXIN1,AXIN1,AXIN1,AXIN1,AXIN1,AXIN1,AXIN1,BIRC5,BIRC5,BIRC5,BIRC5,BIRC5,BIRC5,BIRC5,CCNA1,CCNA1,CCNA1,CCNA1,CCNA1,CCNA1,CCNA1,CCNA2,CCNA2,CCNA2,CCNA2,CCNA2,CCNA2,CCNA2,CCND2,CCND2,CCND2,CCND2,CCND2,CCND2,CCND2,CCND3,CCND3,CCND3,CCND3,CCND3,CCND3,CCND3,CCNE1,CCNE1,CCNE1,CCNE1,CCNE1,CCNE1,CCNE1,CCNE2,CCNE2,CCNE2,CCNE2,CCNE2,CCNE2,CCNE2,CD44,CD44,CD44,CD44,CD44,CD44,CD44,DKK1,DKK1,DKK1,DKK1,DKK1,DKK1,DKK1,DKK4,DKK4,DKK4,DKK4,DKK4,DKK4,DKK4,ICAM1,ICAM1,ICAM1,ICAM1,ICAM1,ICAM1,ICAM1,JUNB,JUNB,JUNB,JUNB,JUNB,JUNB,JUNB,MMP2,MMP2,MMP2,MMP2,MMP2,MMP2,MMP2,MMP7,MMP7,MMP7,MMP7,MMP7,MMP7,MMP7,MMP9,MMP9,MMP9,MMP9,MMP9,MMP9,MMP9,MYC,MYC,MYC,MYC,MYC,MYC,MYC,NANOG,NANOG,NANOG,NANOG,NANOG,NANOG,NANOG,PARP1,PARP1,PARP1,PARP1,PARP1,PARP1,PARP1,RYK,RYK,RYK,RYK,RYK,RYK,RYK,SFRP4,SFRP4,SFRP4,SFRP4,SFRP4,SFRP4,SFRP4,VEGFA,VEGFA,VEGFA,VEGFA,VEGFA,VEGFA,VEGFA,WNT2,WNT2,WNT2,WNT2,WNT2,WNT2,WNT2,CDC45,CDC45,CDC45,CDC45,CDC45,CDC45,CDC45,CDC6,CDC6,CDC6,CDC6,CDC6,CDC6,CDC6,CDC7,CDC7,CDC7,CDC7,CDC7,CDC7,CDC7,CK2,CK2,CK2,CK2,CK2,CK2,CK2,DLL1,DLL1,DLL1,DLL1,DLL1,DLL1,DLL1,DLL3,DLL3,DLL3,DLL3,DLL3,DLL3,DLL3,JAG1,JAG1,JAG1,JAG1,JAG1,JAG1,JAG1,BMP2,BMP2,BMP2,BMP2,BMP2,BMP2,BMP2,BMPR1A,BMPR1A,BMPR1A,BMPR1A,BMPR1A,BMPR1A,BMPR1A,BMPR1B,BMPR1B,BMPR1B,BMPR1B,BMPR1B,BMPR1B,BMPR1B,LEF1,LEF1,LEF1,LEF1,LEF1,LEF1,LEF1,RUNX1,RUNX1,RUNX1,RUNX1,RUNX1,RUNX1,RUNX1,RUNX1T1,RUNX1T1,RUNX1T1,RUNX1T1,RUNX1T1,RUNX1T1,RUNX1T1,RUNX2,RUNX2,RUNX2,RUNX2,RUNX2,RUNX2,RUNX2,SNAIL1,SNAIL1,SNAIL1,SNAIL1,SNAIL1,SNAIL1,SNAIL1,TCF3,TCF3,TCF3,TCF3,TCF3,TCF3,TCF3,TCF4,TCF4,TCF4,TCF4,TCF4,TCF4,TCF4,TCF7,TCF7,TCF7,TCF7,TCF7,TCF7,TCF7,TLE1,TLE1,TLE1,TLE1,TLE1,TLE1,TLE1,TLE2,TLE2,TLE2,TLE2,TLE2,TLE2,TLE2,TLE3,TLE3,TLE3,TLE3,TLE3,TLE3,TLE3,TLE4,TLE4,TLE4,TLE4,TLE4,TLE4,TLE4,CCND1,CCND1,CCND1,CCND1,CCND1,CCND1,CCND1,CCNB1,CCNB1,CCNB1,CCNB1,CCNB1,CCNB1,CCNB1,CCNB2,CCNB2,CCNB2,CCNB2,CCNB2,CCNB2,CCNB2,FOXM1,FOXM1,FOXM1,FOXM1,FOXM1,FOXM1,FOXM1,CXCR4,CXCR4,CXCR4,CXCR4,CXCR4,CXCR4,CXCR4,CDC25C,CDC25C,CDC25C,CDC25C,CDC25C,CDC25C,CDC25C
,,count,mean,std,min,50%,95%,max,count,mean,std,min,50%,95%,max,count,mean,std,min,50%,95%,max,count,mean,std,min,50%,95%,max,count,mean,std,min,50%,95%,max,count,mean,std,min,50%,95%,max,count,mean,std,min,50%,95%,max,count,mean,std,min,50%,95%,max,count,mean,std,min,50%,95%,max,count,mean,std,min,50%,95%,max,count,mean,std,min,50%,95%,max,count,mean,std,min,50%,95%,max,count,mean,std,min,50%,95%,max,count,mean,std,min,50%,95%,max,count,mean,std,min,50%,95%,max,count,mean,std,min,50%,95%,max,count,mean,std,min,50%,95%,max,count,mean,std,min,50%,95%,max,count,mean,std,min,50%,95%,max,count,mean,std,min,50%,95%,max,count,mean,std,min,50%,95%,max,count,mean,std,min,50%,95%,max,count,mean,std,min,50%,95%,max,count,mean,std,min,50%,95%,max,count,mean,std,min,50%,95%,max,count,mean,std,min,50%,95%,max,count,mean,std,min,50%,95%,max,count,mean,std,min,50%,95%,max,count,mean,std,min,50%,95%,max,count,mean,std,min,50%,95%,max,count,mean,std,min,50%,95%,max,count,mean,std,min,50%,95%,max,count,mean,std,min,50%,95%,max,count,mean,std,min,50%,95%,max,count,mean,std,min,50%,95%,max,count,mean,std,min,50%,95%,max,count,mean,std,min,50%,95%,max,count,mean,std,min,50%,95%,max,count,mean,std,min,50%,95%,max,count,mean,std,min,50%,95%,max,count,mean,std,min,50%,95%,max,count,mean,std,min,50%,95%,max,count,mean,std,min,50%,95%,max,count,mean,std,min,50%,95%,max,count,mean,std,min,50%,95%,max,count,mean,std,min,50%,95%,max,count,mean,std,min,50%,95%,max,count,mean,std,min,50%,95%,max,count,mean,std,min,50%,95%,max,count,mean,std,min,50%,95%,max,count,mean,std,min,50%,95%,max,count,mean,std,min,50%,95%,max
Checkpoint,Bracket,,,,,,,,,,,,,,,,,,,,,,,,,,,,,,,,,,,,,,,,,,,,,,,,,,,,,,,,,,,,,,,,,,,,,,,,,,,,,,,,,,,,,,,,,,,,,,,,,,,,,,,,,,,,,,,,,,,,,,,,,,,,,,,,,,,,,,,,,,,,,,,,,,,,,,,,,,,,,,,,,,,,,,,,,,,,,,,,,,,,,,,,,,,,,,,,,,,,,,,,,,,,,,,,,,,,,,,,,,,,,,,,,,,,,,,,,,,,,,,,,,,,,,,,,,,,,,,,,,,,,,,,,,,,,,,,,,,,,,,,,,,,,,,,,,,,,,,,,,,,,,,,,,,,,,,,,,,,,,,,,,,,,,,,,,,,,,,,,,,,,,,,,,,,,,,,,,,,,,,,,,,,
12M,0.1-1%,3.0,0.831692,0.32562470772501284,0.643573,0.643812,1.1513031,1.207691,3.0,0.8361611333333333,0.14133519183033447,0.73296471,0.77826729,0.975352989,0.9972514,3.0,26.286479999999997,18.303685372320512,14.9056,16.55351,44.315647999999996,47.40033,3.0,0.9164819999999999,0.6640791944798452,0.342622,0.762941,1.5557888,1.643883,3.0,10.016151666666667,6.6675494564913675,5.567045,6.79917,16.593933,17.68224,3.0,1.9203536666666665,2.1969519379063196,0.000183,1.444714,4.029019,4.316164,3.0,0.6346326666666667,0.21638641783932128,0.3976,0.684704,0.807905,0.821594,3.0,12.034695999999999,4.253073840368634,9.153998,10.03051,16.230673,16.91958,3.0,10.179931,4.947041408010752,4.577023,12.01765,13.752373,13.94512,3.0,1.1510193333333332,0.12873770086627045,1.067767,1.085991,1.2779691,1.2993,3.0,9.134333333333335e+195,inf,7.04974e+97,4.856e+195,2.0777899999999998e+196,2.2547e+196,3.0,9.023533333333334e+146,5.437820719123916e+146,3.5944000000000003e+146,9.006200000000001e+146,1.392362e+147,1.447e+147,3.0,2.0653289999999997,2.016157254391631,0.273185,1.674523,3.9909034,4.248279,3.0,3.328573,2.4308936123390925,0.715232,3.748068,5.3449839,5.522419,3.0,751.7916933333332,729.7645034976175,182.92148,497.8531,1466.9257599999999,1574.6005,3.0,53.915459999999996,34.553964981979995,22.66483,48.05764,86.727283,91.02391,3.0,0.17378433333333332,0.16068393456202562,0.051919,0.113552,0.33164899999999997,0.355882,3.0,2.481733666666667,2.1074433761563642,0.746203,1.872249,4.531299000000001,4.826749,3.0,8.108103333333334,7.118992876027714,0.22237,10.04063,13.659241999999999,14.06131,3.0,1.481412,0.654575001568957,1.007874,1.207995,2.1263297999999997,2.228367,3.0,1.6506196666666666,0.5277020961350575,1.041329,1.948695,1.9605210000000002,1.961835,3.0,1.2439233333333333e+196,inf,1.6899e+195,8.8378e+195,2.499478e+196,2.679e+196,3.0,7.003613333333333,4.60938405915306,2.005121,7.919279,10.769723899999999,11.08644,3.0,6.505666666666667e+291,inf,3.0738441,4.875957,1.7565299999999998e+292,1.9517e+292,3.0,33.92370233333333,30.959276681228623,0.004557,41.10598,58.705110999999995,60.66057,3.0,16.020425666666668,15.927143767107973,0.002927,16.2027,30.290354999999998,31.85565,3.0,32.692859000000006,55.357060037450715,0.31837,1.148317,87.06553269999999,96.61189,3.0,4.84215,6.046549387353088,0.25808,2.57343,10.782789000000001,11.69494,3.0,5.6938043333333335,9.13766935432741,0.207002,0.632191,14.681217099999998,16.24222,3.0,1.4854543333333334,2.350406485211087,0.052978,0.205341,3.7987737,4.198044,3.0,4.093273223333334,4.516275510126599,9.67e-06,3.341577,8.3785674,8.938233,2.0,4.968363999999999,3.322680622659963,2.618874,4.968363999999999,7.082904999999999,7.317854,3.0,5.613361333333334,5.483955788842333,0.022418,5.833996,10.468702599999999,10.98367,2.0,14.402529999999999,5.37814104061989,10.59961,14.402529999999999,17.825158,18.20545,2.0,0.299386,0.015010462751028048,0.288772,0.299386,0.3089386,0.31,3.0,2.2982343333333337,2.0209440871526687,0.494461,1.917929,4.2258746,4.482313,2.0,6.140083000000001,4.3481622320757545,3.065468,6.140083000000001,8.9072365,9.214698,2.0,2.515721,2.15129460001414,0.994526,2.515721,3.8847964999999998,4.036916,2.0,10.614376499999999,3.426941396225576,8.191163,10.614376499999999,12.79526865,13.03759,3.0,9.700463666666666,11.675404769046782,0.591911,5.64714,21.14082,22.86234,3.0,0.5200946666666667,0.14745440502858279,0.395383,0.482061,0.6627621,0.68284,3.0,0.670036,0.5781444988071753,0.027815,0.833301,1.1174228999999998,1.148992,3.0,0.5832046666666667,0.4269480024597062,0.090623,0.811972,0.8435142999999999,0.847019,2.0,0.5128515,0.20013738202669684,0.371333,0.5128515,0.64021815,0.65437,3.0,0.3675793333333333,0.14203826418375204,0.273716,0.298033,0.5076934,0.530989,2.0,3.435836,2.0618908470280375,1.977859,3.435836,4.7480153,4.893813,3.0,3.5008877333333337,2.8615360384433695,0.3908624,4.0893626,5.829130639999999,6.0224382,3.0,10.595627,5.887837338406098,6.111819,8.411672,16.3782182,17.26339,3.0,12.642438666666665,15.77731565757703,1.583906,5.63355,28.202229,30.70986,3.0,19.982069999999997,7.02250106936268,14.17809,17.97989,26.807395999999997,27.78823,3.0,0.5290043333333334,0.3785392481425583,0.09474,0.703092,0.7805721,0.789181,3.0,13.966445666666667,5.874168291439762,8.101537,13.94797,19.259643999999998,19.84983
12M,<0.1%,13.0,0.9459725384615385,0.5579347551487861,0.429186,0.82653,1.8771015999999987,2.45746,13.0,2.0583131036153843,1.7268815942123517,1.51325e-98,2.0869547,4.735954199999997,6.0880122,13.0,28.730814307692306,15.041864098014178,9.747736,23.9117,49.894395999999965,64.26097,13.0,1.0711211538461538,1.3065912082198756,0.105505,0.512302,3.512314799999997,4.711914,13.0,8.145311461538459,3.3046915068905607,3.124623,7.811857,12.89744399999999,17.02863,13.0,2.936417230769231,2.028651761967956,3.5000000000000003e-102,3.279192,5.777986999999998,6.371477,13.0,1.1531799230769233,0.8722030382457268,0.389444,0.793408,2.627346399999998,3.405223,13.0,9.147857076923076,3.774162467684441,6.128555,8.024173,14.91735799999999,20.06825,13.0,7.539972923076923,2.889839800982097,1.519203,7.406701,11.4402,11.64558,13.0,1.0213889999999999,0.5692378399908952,0.332469,0.96947,1.8441103999999982,2.6282,13.0,1.4366507692307694e+196,inf,1.33231e-97,7.4423e+195,4.829519999999995e+196,7.2699e+196,13.0,1.1247623076923076e+147,1.0021794580492546e+147,2.2885999999999998e-145,1.1696e+147,2.5738199999999993e+147,3.0321e+147,13.0,3.781554923076923,5.769548076832788,3.1000000000000004e-195,1.901592,13.375284399999982,21.30403,13.0,2.081356923076923,1.2981353352504932,0.323056,1.875679,4.0451782,4.368817,13.0,352.24478138461535,360.8834751168572,18.52695,202.09759,1008.0509399999999,1122.2976,13.0,57.48290461538461,48.96140432432683,5.29e-97,38.92784,138.0207999999999,178.378,13.0,0.15487976923076924,0.1636269912530498,0.000821,0.099708,0.42602819999999975,0.528747,13.0,3.411497384615384,2.24322025764612,0.360721,3.18829,6.748146599999996,8.756322,13.0,8.228035153846154,12.978445495258873,0.493903,3.016463,28.353513999999954,47.76589,13.0,1.2631326923076922,1.0913168220295748,0.042941,1.065841,2.9239299999999973,4.028326,13.0,1.4665605384615386,0.7135310796691124,0.380893,1.584077,2.3827893999999996,2.477569,13.0,2.9317153846153845e+195,inf,2.04549e-97,1.091e+195,8.886119999999998e+195,1.0176e+196,13.0,9.931137615384614,7.400397003196568,2.47301,7.577497,24.292997999999997,25.30389,13.0,9.296779096923077,13.987523225391527,0.88913992,3.0071232,39.19204719999999,43.17148,13.0,53.07265923076923,21.90429776774011,14.32589,54.33978,83.138442,84.04662,13.0,20.64521123076923,8.625442731240382,6.347799,24.54895,29.321863999999998,30.23372,13.0,2.491350384615385,3.3644001719451304,0.240245,0.816635,8.525397599999991,12.31203,13.0,4.963445230769232,6.875890146829381,0.395261,1.736587,15.741759199999978,25.16822,13.0,22.305410153846154,32.57785221110331,0.110653,3.846628,85.29331199999999,87.6936,13.0,4.3056449230769225,7.333458170661466,0.311775,0.874302,16.142101199999978,26.46324,13.0,20.275110076923074,31.809504155418523,1.39815,14.85965,64.87656599999987,122.862,10.0,2.3490281,1.6574744167221842,0.257515,1.8286855000000002,5.183202,5.287089,13.0,10.790202230769232,14.799599597782404,0.660107,2.709923,35.92431399999997,50.68075,11.0,27.99230818181818,26.935888536027374,2.481259,19.74465,74.433075,84.27688,13.0,0.3330601538461539,0.16560519680898012,0.095839,0.298762,0.6151937999999998,0.703662,13.0,4.255774923076922,1.9973671051177375,2.213448,3.588011,8.361565,8.697103,6.0,25.721567166666663,49.99896093116995,0.119319,5.464821000000001,99.223665,127.0566,13.0,2.7094988461538465,1.3338858513923924,1.303194,2.63356,4.8348989999999965,6.097962,12.0,8.040400916666668,7.99799808695264,0.529877,4.4894775,21.091533499999997,23.15823,13.0,5.258641307692307,6.922792131549082,1.147853,3.563895,14.677911799999968,27.81731,13.0,0.7186655384615386,0.39620181494023454,0.271499,0.71039,1.3322605999999997,1.426334,13.0,1.2244754615384617,1.261929057376286,0.17236,0.725721,3.2929131999999965,4.769722,13.0,0.9167736153846154,1.0918057705296869,0.184146,0.526948,2.891984599999997,4.211951,12.0,0.7997149166666667,0.6800754156009542,0.145855,0.5474905,2.1328169,2.4415,13.0,1.0940559230769231,0.9829130900158011,0.063202,0.621738,2.7068201999999992,3.126366,13.0,3.375818307692307,6.150100453900088,0.097054,0.636629,13.43255219999998,21.72309,13.0,7.250426000000003,7.341736340057588,1.6929332,4.6846483,20.24722959999998,28.641022,13.0,8.76714353846154,7.646838339566497,2.774351,7.104498,19.863277999999973,31.63919,13.0,13.840243000000003,6.51029377002916,4.870931,13.08024,24.56279,25.58717,13.0,30.86777169230769,33.218718163443846,1.978622,21.8015,77.00420599999987,135.5771,13.0,0.43778599999999995,0.5422961709461291,0.063312,0.227149,1.285561399999998,2.085989,13.0,12.769146153846153,10.879133287028147,3.6e-293,12.95382,31.253619999999977,41.23597
12M,>1%,6.0,0.9614678333333334,0.7633639395345883,0.225459,0.791528,1.9684995,2.110925,6.0,0.7260075856666667,1.1726951109554271,1.0857e-196,0.349660355,2.4424717775,3.0800673,6.0,19.445508333333333,9.711831056430949,4.85481,22.785075,28.965235,30.07449,6.0,0.8426045000000001,0.6836524228541138,0.082426,0.8024260000000001,1.643959,1.744702,6.0,8.0320505,4.4344670201765055,2.096802,7.9407005,13.90735975,15.45131,6.0,1.0542975,1.1841667293544014,2.4999999999999996e-295,0.6459,2.586858,2.660166,6.0,0.4616306666666667,0.3332189590024353,0.006999,0.4586865,0.83241975,0.841485,6.0,6.0509675,3.561509305304522,0.048925,6.6211649999999995,9.70878675,10.14082,6.0,6.590417666666666,6.086371878074775,0.6501,6.0480295,15.11623175,17.44834,6.0,0.9079188333333333,0.7517335163735661,0.195772,0.600677,1.9393782499999999,2.03543,6.0,2.029196666666667e+196,inf,6.363700000000001e+195,1.3951000000000002e+196,3.95925e+196,4.0409e+196,6.0,2.3233666666666665e+146,3.6475566159645373e+146,3.0377e-146,2.1718e+49,7.4374e+146,7.904700000000001e+146,6.0,1.1938976666666667,1.7671173699856688,1.9999999999999998e-293,0.129767,3.6345885,3.817251,6.0,1.9585758333333334,1.3019714967713258,0.304524,2.030392,3.5330722499999996,3.720067,6.0,189.12497300000004,416.2776543906668,5.692e-195,26.579745000000003,789.4625870000001,1038.13,6.0,47.568459999999995,18.454807926324243,28.63331,46.514889999999994,72.1864625,77.77115,6.0,0.051984166666666665,0.0936251816541184,0.001278,0.018792,0.18802225,0.242126,6.0,1.3970878333333332,2.411365713888577,0.04915,0.3986095,4.966631,6.263383,6.0,6.0035704999999995,6.717159627325757,0.558771,3.2915,15.646257500000003,17.22443,6.0,0.3905505,0.41495832646556213,0.095857,0.25139900000000004,0.9999837500000001,1.200447,6.0,0.7352365,0.8928032713194435,0.021102,0.4265335,2.0555085,2.437731,6.0,1.9661833333333333e+195,inf,2.55839e-97,8.421500000000001e+194,5.36175e+195,5.6671e+195,6.0,5.714120833333333,8.037584685546708,0.73756,2.1213585000000004,17.816389750000003,21.53741,6.0,5.264005750000001,3.846615811448243,1.5297991,4.667052,10.661602075,11.821812,6.0,38.58494216666667,21.886691059067108,9.325003,47.961225,56.83659,56.98182,6.0,14.718902833333333,10.373551540371897,3.077097,13.82734,27.3130875,28.02711,6.0,6.4822155,6.769759308602774,0.679893,3.8006375,15.30458,15.71584,6.0,3.6328518333333335,3.906722531821446,0.888689,2.6232085,9.34438725,11.35758,6.0,22.868037166666667,14.234167264752069,4.225451,30.74485,33.7797925,34.28186,6.0,4.725559,6.328753602298321,0.355727,2.885801,13.942694499999998,17.38311,6.0,6.401335333333333,5.6337690578181725,1.051242,5.1240235,13.8761125,15.13032,2.0,1.3969075000000002,0.09913000676132325,1.326812,1.3969075000000002,1.45999345,1.467003,6.0,3.8328631666666673,2.8822929771007955,1.167026,3.5038505,7.888781000000001,8.975471,3.0,18.584709999999998,6.568457600510184,11.00248,22.21158,22.507221,22.54007,6.0,0.179208,0.07043054095206142,0.038482,0.2032605,0.2261125,0.231424,6.0,3.4166016666666663,1.216299393919222,2.173258,3.4178255,4.71592525,4.82367,3.0,3.0409876666666666,2.0277017265705854,0.804173,3.560171,4.6387742,4.758619,5.0,1.603658,1.1011337202678881,0.48533,1.152505,3.0642329999999998,3.349573,5.0,5.7111852,4.668880485286832,0.133834,8.090333,9.5766418,9.576689,6.0,3.5470486666666665,3.3122687233417922,1.048231,2.2452875,8.45979625,9.776693,6.0,0.5205151666666666,0.3413534737490841,0.156972,0.5497275,0.866385,0.886261,6.0,0.43924583333333334,0.29628116743621535,0.165449,0.363483,0.8435312500000001,0.899805,6.0,0.5518378333333334,0.37577450455687733,0.171469,0.4308725,1.04467175,1.080177,5.0,0.455778,0.2940922456245659,0.165614,0.457096,0.8099381999999999,0.858953,6.0,0.45053649999999995,0.35870087154549823,1.5e-294,0.4189495,0.88914475,0.918178,6.0,0.6167988333333333,0.8483843564694994,0.055853,0.236705,1.8961022499999998,2.250543,6.0,16.466360899999998,15.712298775274762,0.8773324,12.8773063,35.640227749999994,35.989909,6.0,6.2392259999999995,4.754201362149778,0.119349,6.8648685,10.9580375,11.10087,6.0,31.9597,58.72424859700717,0.534077,11.5001145,116.89841000000001,151.3496,6.0,11.985069000000001,12.486805299340453,2.090928,6.120166,29.362225,31.16602,6.0,0.13176416666666665,0.13457784724005162,0.017337,0.0938725,0.32728399999999996,0.376478,6.0,9.6669,8.308070205280526,5.3000000000000003e-197,8.8406025,19.911212499999998,21.60082
18M,0.1-1%,4.0,1.1893427500000002,0.7370235539548584,0.308144,1.169151,1.9754398999999996,2.110925,4.0,1.1454362775,1.3055848662921206,0.23902789,0.6313249599999999,2.7280019114999994,3.0800673,4.0,25.591904999999997,17.386623600054342,4.85481,25.056240000000003,44.13590099999999,47.40033,4.0,0.85614175,0.574029506902665,0.082426,1.0002055,1.326091,1.34173,4.0,8.91511075,6.461733826996764,2.096802,7.9407005,16.232219999999995,17.68224,4.0,0.6841285,0.636835336696753,2.4999999999999996e-295,0.6459,1.3682666499999998,1.444714,4.0,0.59409425,0.2912820479791309,0.198703,0.67804,0.8191385000000001,0.821594,4.0,8.65573825,5.659211695797238,4.461043,6.6211649999999995,15.521576699999995,16.91958,4.0,7.296205499999999,5.469320070878799,0.6501,7.294801,13.071338049999996,13.94512,4.0,1.2840945,0.7270022502819369,0.363734,1.368607,1.97779895,2.03543,4.0,8.566425e+195,inf,7.04974e+97,1.008185e+196,1.40567e+196,1.4102000000000001e+196,4.0,4.38365e+146,3.413976391736377e+146,7.4045e-146,4.8149500000000005e+146,7.62432e+146,7.904700000000001e+146,4.0,2.78803275,1.9195380461413756,3.6999999999999995e-99,3.4519260000000003,4.1836248000000005,4.248279,4.0,3.13882275,1.6499277764284868,2.02,2.506436,5.139869349999999,5.522419,4.0,397.28564750000004,481.54969445594196,22.75249,264.13005,957.0884649999999,1038.13,4.0,39.8752825,16.64226027691626,22.66483,40.70195,55.033128500000004,55.4324,4.0,0.161446,0.16549488801974116,0.022065,0.1339185,0.33881859999999997,0.355882,4.0,2.97183775,3.0306877740567266,0.262169,2.6808995,6.047887899999999,6.263383,4.0,5.30077025,6.0796456473447185,0.558771,3.2915,12.646477899999997,14.06131,4.0,0.73816075,0.5479897577378461,0.145607,0.7995205000000001,1.2068628,1.207995,4.0,1.2941150000000001,1.0702952572236006,0.190678,1.2740255,2.3643756,2.437731,4.0,4.0473000000000004e+195,inf,4.2118e-97,3.6757e+195,8.362194999999999e+195,8.8378e+195,4.0,10.097722000000001,8.649091619807752,1.113709,8.8698845,19.969764499999997,21.53741,4.0,4.9862288,4.808667569907297,1.5297991,3.2966520499999996,10.779933749999998,11.821812,4.0,28.10558425,26.1284159570333,0.004557,28.00844,54.41137499999999,56.4009,4.0,11.33851425,11.373659134128246,0.002927,10.090055,23.764856999999996,25.17102,4.0,28.047017000000004,46.13909308310983,0.679893,7.4481425,84.23072649999997,96.61189,4.0,4.457511500000001,4.894774347664422,0.888689,2.6232085,10.352627049999997,11.69494,4.0,17.05504825,17.215543988429882,0.207002,17.8698005,32.159674,32.27359,4.0,1.5450767499999998,1.6253651345605136,0.052978,1.3271994999999999,3.2967912999999993,3.47293,4.0,6.2425539175,6.8343924504234,9.67e-06,4.919943,14.057017949999997,15.13032,2.0,4.392428499999999,4.137176417812093,1.467003,4.392428499999999,7.025311449999999,7.317854,4.0,5.180287,4.13701290308414,1.21827,4.2596039999999995,10.030426149999998,10.98367,2.0,20.208515,2.8327616893148653,18.20545,20.208515,22.0112735,22.21158,4.0,0.22126875,0.04586190334307985,0.188643,0.20383,0.2769828999999999,0.288772,4.0,3.9740965000000004,1.1527029668260886,2.27434,4.3991880000000005,4.77246645,4.82367,2.0,5.0094355,5.947139260838988,0.804173,5.0094355,8.79417175,9.214698,4.0,2.61546675,1.3139473785907803,1.152505,2.636223,3.9338145499999992,4.036916,4.0,8.34233725,5.046812595878999,1.178617,9.576571000000001,12.51845485,13.03759,4.0,3.27747925,2.130537152952963,1.457687,3.002545,5.476434899999999,5.64714,4.0,0.7188822500000001,0.21988395786774287,0.395383,0.7969425,0.8743353999999999,0.886261,4.0,0.637667,0.37630220184846114,0.287224,0.557226,1.0778496999999998,1.148992,4.0,0.633988,0.3033369684470831,0.25948,0.669158,0.9192284,0.938156,3.0,0.4838656666666667,0.2610422020561682,0.183348,0.613879,0.6503209,0.65437,4.0,0.5427332500000001,0.1833377753735347,0.381447,0.4937205,0.7613866,0.802045,4.0,2.0534375,2.073438040356242,0.236614,1.5416615,4.497322499999999,4.893813,4.0,3.8193759999999997,3.5492823103492266,0.8773324,2.8372450000000002,8.030233749999999,8.7256816,4.0,7.2213797500000005,7.84037937702551,0.119349,5.75139,16.1059195,17.26339,4.0,12.02955775,13.651467019859131,0.534077,8.437147,28.135106999999994,30.70986,4.0,14.490320749999999,13.243246884305156,2.462294,13.8553795,27.212621499999997,27.78823,4.0,0.31915225,0.29509026336628486,0.017337,0.27809,0.6540999,0.703092,4.0,9.36120875,9.06829494071182,5.3000000000000003e-197,8.7975025,18.930058499999998,19.84983
18M,<0.1%,14.0,1.0525340714285714,0.6548100243244324,0.225459,1.050459,2.31792645,2.45746,14.0,1.8102646257142856,1.6996429724637283,1.51325e-98,1.62923455,4.623282699999999,6.0880122,14.0,27.05362607142857,15.508504549676362,9.747736,22.957435,48.69718149999999,64.26097,14.0,1.0001429285714285,1.2908778379608712,0.050357,0.48633799999999994,3.4123481999999994,4.711914,14.0,8.045249142857143,3.6248848725019767,1.646791,8.187782,12.553178499999998,17.02863,14.0,3.2012045714285717,2.5468118727238847,1.6999999999999998e-295,2.969679,7.1021719999999995,8.459177,14.0,1.0422985000000002,0.5173903405032949,0.487431,0.979842,2.0212187,2.108762,14.0,8.585813857142858,4.013776631333365,3.352123,7.684013,14.488116999999997,20.06825,14.0,7.118264214285714,2.871693242399098,1.519203,7.23674,11.423085,11.64558,14.0,1.1115207142857142,0.5717374443651061,0.332469,1.0091459999999999,2.1209517,2.6282,14.0,1.026902142857143e+196,inf,1.33231e-97,3.8171500000000004e+195,3.381695e+196,3.7143000000000002e+196,14.0,9.8278e+146,1.0134431875314207e+147,2.2885999999999998e-145,7.73205e+146,2.53563e+147,3.0321e+147,14.0,4.849707857142858,6.085222561616434,3.1000000000000004e-195,2.942062,16.537482499999996,21.30403,14.0,4.464960357142857,9.047746911070766,0.304524,1.895969,15.30067954999999,35.60271,14.0,329.8775554285714,357.06647278526214,1.813e-291,201.169335,998.530385,1122.2976,14.0,44.80471357142857,32.32387378020096,5.29e-97,34.282920000000004,100.6609645,111.116,14.0,0.21309357142857138,0.2831128548736798,0.006685,0.0943445,0.7037214499999999,1.028674,14.0,2.9366338571428576,1.4670939208188651,0.53401,3.017888,4.8652622999999995,5.409363,14.0,20.96935971428571,49.37815260957713,0.493903,3.3066305,96.48183349999994,186.9543,14.0,1.1000359285714285,1.1126451513028597,0.042941,0.7598335,2.8318969999999997,4.028326,14.0,1.4847469285714288,0.7569120747477838,0.380893,1.443645,2.6370240999999996,2.933155,14.0,2.3129999999999999e+195,inf,2.04549e-97,5.455e+194,7.16378e+195,8.026200000000001e+195,14.0,10.775603071428572,7.224119435216656,2.052741,7.7887830000000005,24.208757,25.30389,14.0,13.606795422857145,20.59546580534251,0.88913992,5.11275565,51.94076254999999,68.226573,14.0,50.87010142857143,22.727631321846257,14.32589,55.660799999999995,83.0627605,84.04662,14.0,17.723839714285713,9.608110014837733,6.070467,17.283265,29.245876,30.23372,14.0,3.5790284999999997,4.576736972952366,0.240245,1.521019,13.1252025,14.63538,14.0,10.206387571428568,20.36844582861275,0.646765,1.789257,43.36831449999998,77.16849,14.0,70.69580985714286,204.44711550419396,0.110653,4.5937125000000005,328.3577649999998,775.3055,14.0,13.455907714285717,34.42333854914265,0.311775,1.2079875,62.88426099999997,130.5233,14.0,21.634263928571432,30.34346991728323,1.39815,15.21299,60.044446499999964,122.862,10.0,2.1167447000000004,1.2470466638419528,1.070702,1.6194965,4.184101649999997,5.287089,14.0,24.487512000000002,50.92276294644291,0.893708,2.972597,100.86964749999996,194.0776,12.0,24.355322333333334,26.923964798167628,2.481259,11.76172,73.44869449999999,84.27688,14.0,0.3590965714285715,0.20484919587259393,0.095839,0.3149755,0.7352928999999999,0.794036,14.0,3.848260285714286,1.4495806766743287,2.173258,3.58237,6.172763099999999,8.137873,6.0,26.295042499999997,49.6651982702254,0.498982,6.030389,99.223665,127.0566,14.0,2.724650571428572,1.4681349154482055,0.48533,2.675774,4.9911791999999995,5.998349,13.0,7.829694846153846,7.537263301853971,0.133834,4.500608,20.903651999999994,23.15823,14.0,3.3180355714285708,1.5011735609370482,1.048231,3.666661,5.2540195,5.918313,14.0,0.7076586428571429,0.4111907085819102,0.173646,0.699276,1.3244211499999998,1.426334,14.0,2.6835783571428573,5.1574750013460395,0.165449,0.7738985,10.114977299999994,20.04188,14.0,1.3118939285714288,2.6148738951740165,0.184146,0.5268075,4.898577049999997,10.25935,12.0,0.8936961666666666,0.7883932917140962,0.145855,0.5474905,2.2460894,2.4415,14.0,1.1092028571428574,1.0704396414891233,0.063202,0.6112995,3.1685865,3.246996,14.0,8.742292,18.852939870768353,0.097054,0.990497,38.931655499999984,70.89042,14.0,11.144548257142857,13.020077338061643,1.3724953,4.608321200000001,36.03695245,38.721951,14.0,6.0921715714285725,3.5878088130508914,1.3559,5.715178,11.031515,11.10087,14.0,11.609588142857145,6.299897926783794,3.671566,11.927064999999999,22.094921499999998,25.58717,14.0,19.172103785714285,12.48694339408037,1.466368,18.653015,37.74089549999999,37.95561,14.0,0.3670405714285714,0.36194767554668505,0.062939,0.2307195,0.9685614999999999,1.370853,14.0,10.625623928571429,7.641002198308336,3.6e-293,11.60097,22.9283955,24.59872
3M,1-10%,12.0,0.7883475000000001,0.49786293526933706,0.308144,0.630587,1.6141462999999994,2.110925,12.0,1.464990944583333,1.09782083580056,0.076018838,1.51325685,2.9057389349999996,3.0241288,12.0,25.426143416666665,14.045554008917168,2.110925,24.693995,43.504322499999994,47.40033,12.0,0.9447787500000001,0.5205183821876951,0.452468,0.792308,1.8540518999999995,2.110925,12.0,8.369548666666667,4.163091215331406,2.110925,7.6983585,15.821886999999997,17.68224,12.0,2.1438969166666664,1.9584300124589342,3.5000000000000003e-102,1.586602,5.478948549999998,6.371477,12.0,1.0860600833333331,0.9593409265682405,0.363585,0.6157235000000001,2.693359099999999,3.405223,12.0,8.422085916666665,3.5892557454954477,2.110925,7.9810485,13.861519499999996,16.91958,12.0,7.785369416666668,3.2658037659114973,2.110925,7.523727,12.492107999999998,13.94512,12.0,0.9040908333333332,0.4935840457534394,0.332469,0.974206,1.6348559999999992,2.110925,12.0,1.1038858333333335e+196,inf,1.33231e-97,5.60985e+195,4.171694999999997e+196,7.2699e+196,12.0,7.854666666666667e+146,6.370890472130156e+146,2.1109254,8.20075e+146,1.5999549999999998e+147,1.7869e+147,12.0,2.0335613333333336,1.8061083417006316,6.9e-294,1.8927239999999999,4.69334475,5.237314,12.0,2.2225439166666665,1.5138312346840959,0.323056,1.9582315000000001,4.546525949999999,5.522419,12.0,195.91997733333332,230.5943214399739,4.5319999999999996e-293,132.72144500000002,615.9285279999998,760.24294,12.0,52.8744375,44.24058640204451,12.8677,43.49274,125.02549199999993,178.378,12.0,0.15380783333333334,0.1779051364519015,0.000364,0.07045,0.43458809999999987,0.528747,12.0,2.863601999999999,2.7462208656370604,0.035495,2.3760315,6.915494549999998,8.756322,12.0,7.217078416666666,5.473837096821744,0.805386,5.2443884999999995,14.669089,15.41193,12.0,0.8054084166666665,0.5354664579197975,0.145607,0.7598335,1.6446239999999999,1.885447,12.0,1.0752809999999997,0.7107683566630232,0.118619,1.046343,2.1156035999999996,2.319603,12.0,3.54055e+195,inf,2.04549e-97,1.6846e+195,9.439989999999998e+195,1.0176e+196,12.0,7.091461083333333,5.656510783306621,1.097394,6.980822,15.789376499999992,21.53741,12.0,4.976849161666666,3.6763380191782886,0.89169034,3.97490055,10.8726484,11.821812,12.0,42.938379749999996,25.342324366922277,0.004557,41.59495,81.3046585,82.53299,12.0,17.133975333333336,9.266574620480451,0.002927,17.283265,28.3030825,28.71396,12.0,10.888325333333334,27.261354496193547,0.557634,1.6804215,51.21429049999995,96.61189,12.0,3.9027324166666664,3.5204834548724975,0.395261,2.53683,9.759575249999997,11.69494,12.0,23.4007625,25.754177484885385,0.207002,18.076430000000002,70.89469699999998,83.69312,12.0,3.166046916666667,3.0243987238366588,0.052978,2.0356615,8.055252499999998,9.261342,12.0,7.149282889166666,5.959319058922413,9.67e-06,6.063283500000001,16.416757999999998,18.01816,8.0,3.214385375,2.4311584096628818,0.257515,2.5753995,6.607086249999999,7.317854,12.0,7.0159994999999995,6.638636281455943,0.660107,4.2596039999999995,17.953080999999997,18.72604,8.0,24.209484125000003,22.21399281413169,2.481259,14.61408,59.240899,64.58927,12.0,0.26326191666666665,0.086661782832571,0.095839,0.264174,0.38738434999999993,0.437854,12.0,3.5300985,1.8159908047811106,1.917929,3.208641,6.378968499999997,8.697103,4.0,34.86402125,61.578409860903314,0.119319,6.140083000000001,109.38031469999996,127.0566,11.0,2.348786272727273,1.5238860308050002,0.994526,1.912951,5.067439,6.097962,11.0,6.0067912727272725,5.769908080328335,0.529877,4.478347,15.747959999999999,18.45833,12.0,11.916493583333333,25.317655667680626,0.591911,3.0971035000000002,55.272732499999954,88.82936,11.0,0.6531252727272727,0.32077512683532394,0.271499,0.729708,1.077903,1.269545,12.0,0.8223340833333332,0.5739891746821234,0.17236,0.603899,1.8509590999999999,1.942698,12.0,0.9559374999999998,1.0492567259856336,0.184146,0.716887,2.411363749999998,4.211951,10.0,0.4538705,0.23170153260139073,0.145855,0.3960965,0.8044600499999999,0.830718,12.0,0.692608,0.5939151434930444,0.259718,0.488306,1.6539912999999988,2.427123,12.0,2.4186921666666668,2.88059613794474,0.148121,1.3888509999999998,7.877789399999999,7.905527,12.0,5.533571533333333,4.0120186910933935,0.8773324,4.99617275,11.638381154999996,14.651368,12.0,9.859222583333334,8.345977571783171,0.119349,8.4714265,23.732499999999987,31.63919,12.0,12.253052333333335,9.001776591913684,0.534077,12.63598,26.953365499999997,30.70986,12.0,28.252516916666668,35.415344696062654,2.462294,18.111115,81.70359899999993,135.5771,12.0,0.42283658333333335,0.574398874155876,0.017337,0.18951400000000002,1.372744599999999,2.085989,11.0,17.799823181818184,9.76784164861723,3.876985,15.12003,32.917345,41.23597
3M,<1%,6.0,1.3264541666666665,0.6180860553419457,0.64729,1.1539025,2.215644,2.45746,6.0,1.4125936416666667,1.4405157496376697,1.51325e-98,0.971361035,3.4621906,3.8345822,6.0,20.66415333333333,9.118049942003315,11.82982,19.036155,33.4268225,36.59853,6.0,1.5798136666666667,1.870467301614403,0.050357,0.949262,4.212081,4.711914,6.0,8.053154666666666,5.487782004560263,1.646791,8.187782,15.307302499999999,17.02863,6.0,2.031222833333333,1.9258130598824401,1.6999999999999998e-295,1.859802,4.400549,4.567551,6.0,0.8912161666666667,0.30036259940240007,0.506151,0.9558035,1.1839335,1.20092,6.0,8.620652666666667,5.835938991298543,3.352123,7.075407500000001,17.05723075,20.06825,6.0,6.0863024999999995,3.480078581228002,1.519203,5.7169405,10.652507,11.64558,6.0,1.4110604999999998,0.7320368267544332,0.68701,1.2796555,2.4331045000000002,2.6282,6.0,1.043505e+196,inf,1.00182e-96,3.8171500000000004e+195,2.9757000000000003e+196,3.2026e+196,6.0,9.102700000000001e+146,1.0445028134763448e+147,2.2885999999999998e-145,5.043600000000001e+146,2.2473750000000003e+147,2.2683e+147,6.0,7.544326000000001,8.678725385702949,3.1000000000000004e-195,4.995523,19.4707425,21.30403,6.0,2.7769093333333337,1.194166509327517,1.137488,2.7047365,4.2339675,4.368817,6.0,328.63907,323.3988167262476,54.25722,203.65591999999998,810.4957099999999,931.8865,6.0,40.299209999999995,39.77626090284203,5.29e-97,29.667265,97.85098,111.116,6.0,0.27155,0.38646839490079915,0.006685,0.111872,0.8518577500000001,1.028674,6.0,2.7034945,0.86695510890628,1.657451,2.9189835000000004,3.66285475,3.821043,6.0,11.079984333333334,18.478888017906364,0.493903,2.7348310000000002,38.836707499999996,47.76589,6.0,1.0305383333333333,0.9373570374056337,0.042941,0.7703380000000001,2.16065325,2.187666,6.0,1.7526963333333334,0.8902669003865452,0.380893,1.924824,2.7484055000000005,2.933155,6.0,1.9219e+195,inf,1.30179e-96,5.455e+194,5.589e+195,5.9578e+195,6.0,14.682349666666667,8.817975410407099,5.217189,13.742742,24.882685000000002,25.30389,6.0,15.225919116666667,19.365998340341644,1.1151434,4.6300925500000005,41.513383000000005,43.17148,6.0,45.406980000000004,27.66643852618114,14.32589,41.960435000000004,79.4621075,84.04662,6.0,18.140748666666667,11.549605682841985,6.199833,18.77122,29.805465,30.23372,6.0,2.7875925,4.679946123476668,0.526503,0.816477,9.6271,12.31203,6.0,7.364206666666668,9.517312467490216,0.646765,4.1216845,21.240528,25.16822,6.0,17.557329,34.41899832007584,0.110653,4.0482154999999995,67.35646975,87.6936,6.0,6.089995166666665,10.432862283942589,0.311775,0.662364,21.86804075,26.46324,6.0,35.35494333333333,43.80104594320444,1.39815,23.165219999999998,98.7014025,122.862,4.0,1.999174,0.6223064112819878,1.414116,1.8732870000000001,2.7229764999999997,2.836006,6.0,17.02358416666667,20.11724970655497,0.893708,11.770285,44.53223500000001,50.68075,5.0,12.478469,8.766910267717869,3.624648,12.50073,22.041634000000002,22.61588,6.0,0.41424766666666674,0.23413727352531177,0.114517,0.364157,0.7345807499999999,0.794036,6.0,4.077706,0.6103085034773805,3.574986,3.792346,4.9641175,5.114627,3.0,8.884834,6.656234926616022,2.429035,8.500607,15.002434699999998,15.72486,6.0,3.335167333333333,1.5694721218893526,1.395054,3.067552,5.496976,5.998349,5.0,14.978951599999998,7.5287002652810395,3.842078,17.0012,22.406704,23.15823,6.0,4.145895333333333,1.6300342171875617,1.147853,4.502834,5.6628155,5.918313,6.0,0.9037305,0.41587625793341465,0.288423,0.91188,1.3686765,1.426334,6.0,1.8918893333333333,1.7383158991520116,0.32884,1.5170475,4.2695935,4.769722,6.0,0.7869311666666667,0.6549909965361103,0.269243,0.5720270000000001,1.75786775,2.012007,5.0,1.294575,0.902202478396618,0.545847,0.850186,2.3704416,2.4415,6.0,1.4668166666666667,1.194309901472422,0.063202,1.2871435,3.0180922500000005,3.246996,6.0,5.370734666666666,8.529206759550519,0.525036,0.7120504999999999,18.2806125,21.72309,6.0,3.669247216666667,1.966894479746752,1.3724953,3.636288,6.2415125499999995,6.7604673,6.0,4.333944333333333,3.4254433796400527,1.3559,3.153597,9.388640250000002,10.99417,6.0,12.239415666666666,8.937038704670863,3.671566,9.5296545,24.2439975,25.58717,6.0,18.988465333333334,13.499940546239255,1.978622,19.373685000000002,35.6227125,37.95561,6.0,0.5938104999999999,0.46551951950514386,0.063312,0.5748030000000001,1.2161255,1.370853,6.0,4.120615333333333,4.718073418589061,3.6e-293,2.325586,11.11001125,12.95382
3M,>10%,7.0,1.1004935714285715,0.6695678789154134,0.225459,1.06598,2.0323219999999993,2.242793,7.0,1.7426226019999997,2.304822693513231,1.0857e-196,0.46029282,5.185628729999998,6.0880122,7.0,27.152382714285718,18.289049254043384,9.972679,24.47501,54.00502599999997,64.26097,7.0,0.7672621428571429,0.5852744909218319,0.128067,0.61616,1.5925323999999996,1.744702,7.0,9.243308999999998,3.272773241325874,5.487281,9.275509,13.903318999999996,15.45131,7.0,3.6972441428571434,3.0342449658963724,0.006885,2.660166,7.742470399999998,8.459177,7.0,1.3801695714285718,1.4152284778213795,0.006999,0.841485,3.553965299999999,4.231059,7.0,7.990330142857142,4.958999153191884,0.048925,8.412687,14.121533999999999,15.25215,7.0,9.088499142857142,5.7067466628631305,1.2281,8.119907,16.975663,17.44834,7.0,0.8064388571428572,0.4665418268931624,0.195772,0.670134,1.4664826999999998,1.651223,7.0,1.8212585714285715e+196,inf,1.58324e-96,1.4102000000000001e+196,3.94292e+196,4.0409e+196,7.0,6.2766857142857145e+146,1.1095693619662926e+147,3.0377e-146,2.9747800000000003e+49,2.3596109999999985e+147,3.0321e+147,7.0,1.779833857142857,2.039586075290885,1.9999999999999998e-293,1.496129,4.8336812999999985,5.58243,7.0,6.724629000000001,12.823752760014065,0.304524,2.02,26.15108939999998,35.60271,7.0,326.52511342857144,516.3192335449344,1.813e-291,43.460348,1097.0473200000001,1122.2976,7.0,49.447405714285715,28.269441599736197,16.63374,40.25919,89.85327599999998,95.03133,7.0,0.12410971428571428,0.19568657889314936,0.001278,0.023058,0.43963589999999986,0.524283,7.0,2.4407515714285712,2.3390221810083274,0.04915,1.648114,5.720252799999998,6.263383,7.0,34.49964342857143,67.76828417130716,0.558771,10.91174,137.65742699999987,186.9543,7.0,0.9795114285714284,1.409445007928399,0.095857,0.349855,3.179962299999998,4.028326,7.0,1.1830110000000003,1.0061975251485167,0.021102,0.908841,2.4656176,2.477569,7.0,1.8327714285714284e+195,inf,2.55839e-97,2.96533e+98,6.023289999999999e+195,6.6994e+195,7.0,6.201552142857143,5.450963457763207,0.73756,6.653329,14.133217099999996,16.72745,7.0,13.913294760000001,24.162082089478485,0.88913992,4.849929,50.828343599999954,68.226573,7.0,46.315326142857145,20.823443027373518,9.325003,52.78505,69.54003699999998,74.92213,7.0,15.903611999999999,9.613532826603427,3.077097,15.7966,27.590021999999998,28.02711,7.0,5.645320428571429,6.759859001923163,0.240245,2.032234,15.391701999999999,15.71584,7.0,14.570007000000002,27.857967234643034,0.888689,3.304809,57.425216999999954,77.16849,7.0,129.7188942857143,285.4557309338913,0.280217,29.97555,560.4216679999996,775.3055,7.0,22.83705728571428,47.850215644797714,0.355727,3.621448,96.58124299999993,130.5233,7.0,8.616249428571427,8.124723837737376,1.051242,4.532685,20.840380999999994,23.28755,3.0,1.391047666666667,0.07082649264458413,1.326812,1.379328,1.4582355,1.467003,7.0,33.25769028571428,71.29054405603974,1.167026,3.117204,142.36390599999987,194.0776,5.0,28.919712600000004,31.875420650012277,4.567553,22.21158,71.92951799999999,84.27688,7.0,0.32052957142857147,0.22311594124942988,0.038482,0.231424,0.6484832999999999,0.703662,7.0,4.208203571428571,1.974277858003854,2.173258,3.833616,7.143612099999999,8.137873,5.0,5.022547,6.124737393854328,0.498982,3.560171,13.344355799999999,15.49079,6.0,2.4851699999999997,1.5290917887988282,0.48533,2.6939115,4.206893,4.448857,6.0,5.313835,3.608097699391246,0.133834,5.8275015,9.204923,9.576453,7.0,4.2931541428571425,2.8185323695119786,1.048231,3.769427,8.504392699999997,9.776693,7.0,0.3947605714285715,0.21462355689816312,0.156972,0.419723,0.6972290999999998,0.787128,7.0,3.5289429999999995,7.320040883209419,0.165449,0.822076,14.724602599999987,20.04188,7.0,1.9507287142857141,3.681930225002175,0.171469,0.503742,7.505598099999993,10.25935,6.0,0.8316481666666665,0.5941257511380622,0.165614,0.736416,1.6637157500000002,1.880258,7.0,0.8146837142857143,1.0621885148630186,1.5e-294,0.456452,2.4639095999999987,3.126366,7.0,11.550786714285715,26.35392264781774,0.055853,0.236796,52.21961309999996,70.89042,6.0,25.423929233333336,14.226146884690957,1.5851274,29.6088285,38.038940499999995,38.721951,6.0,7.641041833333333,3.5303451941771598,2.512626,8.760199,10.9580375,11.10087,6.0,34.125181500000004,57.48940856377111,6.14696,11.90958,116.89841000000001,151.3496,6.0,14.3035215,12.20081355842309,1.466368,13.573486500000001,29.362225,31.16602,6.0,0.17502316666666665,0.12856527747322238,0.029323,0.1735545,0.340931,0.376478,6.0,15.35964083333333,6.583159949580761,3.963185,15.423414999999999,21.9219475,22.02899
6M,1-10%,8.0,0.8601306249999999,0.661420530499089,0.225459,0.656951,1.8805072999999992,2.242793,8.0,0.6767013927500001,1.017233130056808,2.7964500000000003e-98,0.349660355,2.274437296499999,3.0800673,8.0,23.735961125,11.548726150826276,9.972679,22.785075,41.33628599999999,47.40033,8.0,0.8048852500000001,0.42843614695032783,0.281917,0.879039,1.305239,1.34173,8.0,11.15792675,4.0668348705858905,6.79917,9.5747565,16.9014145,17.68224,8.0,2.7186751250000003,2.6265195844623213,0.356735,1.905824,7.009122449999998,8.459177,8.0,0.7337234999999999,0.34331916675178925,0.363585,0.744964,1.2278046999999999,1.435823,8.0,8.738938125,3.8222420822996934,4.951527,8.0061225,14.547013999999995,16.91958,8.0,9.940635375000001,4.119884946253855,5.626364,8.1885805,16.222213,17.44834,8.0,0.836661625,0.5071720901533854,0.195772,0.783321,1.5280499499999998,1.651223,8.0,1.5929375000000002e+196,inf,1.58324e-96,1.048615e+196,3.926589999999999e+196,4.0409e+196,8.0,3.7896125000000003e+146,3.631460157896939e+146,3.0377e-146,3.68525e+146,8.620675000000001e+146,9.006200000000001e+146,8.0,1.6812536249999999,2.276199301740823,6.9e-294,0.26635949999999997,5.115477149999999,5.58243,8.0,5.940467375000001,12.103467266799154,0.304524,1.367616,25.074608149999985,35.60271,8.0,397.09955475000004,603.0683883593202,4.5319999999999996e-293,33.106419,1386.8358249999997,1574.6005,8.0,47.722731249999995,21.894309086074294,22.66483,46.514889999999994,79.68495649999998,91.02391,8.0,0.10195725,0.1305050620263444,0.000364,0.0415045,0.3160673999999999,0.355882,8.0,1.881861,2.3524003905293362,0.035495,0.911289,5.760561099999999,6.263383,8.0,27.99259375,64.42791452306993,0.22237,5.2443884999999995,126.4417534999999,186.9543,8.0,0.755053375,0.7330043520196154,0.138896,0.380962,1.8712367999999993,2.228367,8.0,1.050239125,0.9292091855536448,0.118619,0.745322,2.2711673999999995,2.437731,8.0,6.729400000000001e+195,inf,2.43073e-96,5.056400000000001e+195,2.0506729999999993e+196,2.679e+196,8.0,3.964512,3.802970780646024,0.73756,2.028931,9.645616699999998,11.08644,8.0,2.439625e+291,inf,1.5297991,4.667052,1.268604999999999e+292,1.9517e+292,8.0,39.765778375,22.08097241181067,0.004557,47.961225,59.3730075,60.66057,8.0,17.432058,11.066714059066662,0.002927,18.235605,30.515660999999998,31.85565,8.0,15.210205000000002,33.240803156599824,0.31837,1.5207905,67.92011149999996,96.61189,8.0,12.275248625000003,26.47706905903772,0.25808,1.9436825,54.25274749999997,77.16849,8.0,107.62309300000003,270.11782490543766,0.207002,7.409295,515.9472259999997,775.3055,8.0,17.45091475,45.703834347130716,0.052978,1.274926,86.10765179999994,130.5233,8.0,6.787715958750001,8.412394269380423,9.67e-06,2.0689935,20.432519499999994,23.28755,3.0,3.370556333333333,3.419178633981315,1.326812,1.467003,6.732768899999999,7.317854,8.0,27.718486624999993,67.34296628660175,0.022418,2.9234904999999998,129.9947244999999,194.0776,4.0,18.489895,5.36647460660783,11.00248,20.208515,22.4907965,22.54007,7.0,0.2426887142857143,0.05033676856836125,0.188643,0.231424,0.31846389999999997,0.331189,8.0,3.120708125,1.4750243207756113,0.494461,3.162466,4.70419505,4.82367,4.0,4.58441525,3.5028166306466737,0.804173,4.159395,8.546286149999998,9.214698,6.0,2.4301983333333332,1.7125987254358992,0.48533,2.251039,4.345871750000001,4.448857,6.0,7.9282156666666666,4.3108542711492195,0.133834,8.833393000000001,12.17236475,13.03759,8.0,16.394522374999998,30.09943999401284,1.048231,4.1392665,65.74090299999996,88.82936,7.0,0.5120205714285715,0.24735293171691414,0.173646,0.426063,0.8008682999999999,0.806757,8.0,2.93789525,6.921901394901543,0.027815,0.48096700000000003,13.42936919999999,20.04188,8.0,1.6392775,3.49172978263173,0.090623,0.4308725,6.9527676999999946,10.25935,5.0,0.41486139999999994,0.23155931033279573,0.165614,0.457096,0.6462718,0.65437,8.0,0.513962375,0.252389862422595,0.145097,0.4937205,0.8700403999999999,0.918178,7.0,11.334382857142856,26.31845888713746,0.088207,0.83278,51.09143789999995,70.89042,8.0,14.74528055,18.027483337235985,0.3908624,2.9029391,37.76573629999999,38.721951,8.0,8.675408000000001,5.531041339130919,0.119349,10.03823,15.497765999999999,17.26339,8.0,11.891989500000001,9.079094713651545,0.534077,11.5001145,25.40964899999999,30.70986,8.0,18.4353425,12.487464252056391,1.466368,20.965365,32.287296000000005,32.89106,8.0,0.235807625,0.2233979275865874,0.017337,0.17954799999999999,0.5887770999999998,0.703092,8.0,15.542654625,8.220473129436371,5.3000000000000003e-197,17.34611,23.439919,24.19965
6M,<1%,14.0,0.9659243571428571,0.5412197019082287,0.429186,0.935737,1.8287383999999998,2.45746,14.0,1.999091224785714,1.6738660114283999,1.51325e-98,2.0581085000000003,4.623282699999999,6.0880122,14.0,27.523600428571424,15.141213751284155,9.747736,23.831110000000002,48.69718149999999,64.26097,14.0,0.9982094285714286,1.2846340636387,0.050357,0.5079279999999999,3.4123481999999994,4.711914,14.0,7.681131428571427,3.619032129595037,1.646791,7.6713065,12.553178499999998,17.02863,14.0,2.7266731428571434,2.101131300685963,1.6999999999999998e-295,2.7670735,5.7285295,6.371477,14.0,1.1506812857142859,0.838037723560629,0.389444,0.9558035,2.5625233499999993,3.405223,14.0,8.733876071428572,3.9430838932470778,3.352123,7.684013,14.488116999999997,20.06825,14.0,7.304679357142858,2.912706463055349,1.519203,7.23674,11.423085,11.64558,14.0,1.0804196428571429,0.5898227164303899,0.332469,0.9775865,2.1209517,2.6282,14.0,1.3340328571428572e+196,inf,1.33231e-97,5.7055e+195,4.626154999999999e+196,7.2699e+196,14.0,1.0808371428571428e+147,9.767890274097737e+146,2.2885999999999998e-145,1.1031e+147,2.53563e+147,3.0321e+147,14.0,4.509363857142857,6.1759999740356335,3.1000000000000004e-195,2.083328,16.537482499999996,21.30403,14.0,2.1371079285714285,1.2645325059907722,0.323056,1.895969,4.0182082999999995,4.368817,14.0,336.51697700000005,351.68416868499014,18.52695,201.169335,998.530385,1122.2976,14.0,54.326183571428565,48.500784237359035,5.29e-97,38.47478,134.65769999999998,178.378,14.0,0.21729364285714284,0.28151581212992344,0.000821,0.111872,0.7037214499999999,1.028674,14.0,3.393244857142857,2.1562981037297324,0.360721,3.172126,6.580798649999998,8.756322,14.0,8.500972642857144,12.511037085924915,0.493903,3.3066305,26.73581599999999,47.76589,14.0,1.1966469285714285,1.0776103836524635,0.042941,0.929853,2.8318969999999997,4.028326,14.0,1.5713172857142859,0.7896826465364648,0.380893,1.6347035,2.6370240999999996,2.933155,14.0,2.7223071428571424e+195,inf,2.04549e-97,5.455e+194,8.778629999999999e+195,1.0176e+196,14.0,10.511774928571427,7.434586187551153,2.47301,7.7887830000000005,24.208757,25.30389,14.0,9.198009875714286,13.44385804035262,0.88913992,4.3742297500000005,38.8604278,43.17148,14.0,51.15796214285715,22.23096064773256,14.32589,52.991915,83.0627605,84.04662,14.0,19.613398499999995,9.142223154932484,6.199833,20.987495000000003,29.245876,30.23372,14.0,2.4257046428571427,3.241729907894777,0.240245,1.1431814999999999,8.209844899999997,12.31203,14.0,5.132335285714286,6.636297186714806,0.395261,1.789257,14.956220799999995,25.16822,14.0,21.1653865,31.58911018758461,0.110653,4.0482154999999995,85.093288,87.6936,14.0,4.575416214285714,7.117695375233693,0.311775,1.034405,15.282006299999995,26.46324,14.0,20.49347007142857,30.572502241812934,1.39815,14.983084999999999,60.044446499999964,122.862,11.0,2.2867617272727276,1.5859216281955482,0.257515,1.664098,5.171659,5.287089,14.0,11.63368135714286,14.565034420520927,0.660107,2.972597,34.694610999999995,50.68075,12.0,25.961669833333332,26.62828617323628,2.481259,16.12269,73.44869449999999,84.27688,14.0,0.36598700000000006,0.20123106207923883,0.095839,0.3224265,0.7352928999999999,0.794036,14.0,4.230460214285714,1.9213444032530245,2.213448,3.6336765,8.3336035,8.697103,6.0,25.721567166666663,49.99896093116995,0.119319,5.464821000000001,99.223665,127.0566,14.0,2.944416714285715,1.5540256220599566,1.303194,2.675774,6.03321355,6.097962,13.0,8.729693153846155,8.050709173486311,0.529877,4.500608,20.903651999999994,23.15823,14.0,5.1621108571428564,6.661003100910506,1.147853,3.7355549999999997,13.582961949999993,27.81731,14.0,0.7468587142857143,0.39500478844408743,0.271499,0.7200489999999999,1.3244211499999998,1.426334,14.0,1.3348134999999999,1.2807850719637515,0.17236,0.7738985,3.469387899999999,4.769722,14.0,0.9223933571428571,1.049183782363708,0.184146,0.5721674999999999,2.7819873999999993,4.211951,13.0,0.898675923076923,0.7424778382299211,0.145855,0.549134,2.2283247999999993,2.4415,14.0,1.2478373571428574,1.1058406642991014,0.063202,0.7299605,3.1685865,3.246996,14.0,3.702772714285714,6.034136727518749,0.097054,0.7120504999999999,12.772648499999995,21.72309,14.0,6.830573807142857,7.226528675454772,1.3724953,4.608321200000001,19.547746899999993,28.641022,14.0,8.237769000000002,7.609168792452139,1.3559,6.9814015000000005,18.88195199999999,31.63919,14.0,13.11390892857143,6.81978589235786,3.671566,12.705245,24.477425,25.58717,14.0,29.136157285714287,32.56652804471763,1.978622,21.288315,72.12313149999997,135.5771,14.0,0.5044336428571429,0.5776243758563848,0.063312,0.25736899999999996,1.6211505999999998,2.085989,14.0,11.9670725,10.874639246113357,3.6e-293,11.60097,30.421757499999995,41.23597
6M,>10%,2.0,1.826074,0.4028401474555384,1.541223,1.826074,2.0824399,2.110925,2.0,0.264842605,0.37454400388522047,1.0857e-196,0.264842605,0.5032009494999999,0.52968521,2.0,7.69547,4.017299898090756,4.85481,7.69547,10.252063999999999,10.53613,2.0,0.913564,1.1754066318036493,0.082426,0.913564,1.6615882,1.744702,2.0,3.7920415,2.397430692370585,2.096802,3.7920415,5.31775705,5.487281,2.0,0.0034425,0.00486843018846938,2.4999999999999996e-295,0.0034425,0.00654075,0.006885,2.0,0.102851,0.13555519838058588,0.006999,0.102851,0.18911779999999997,0.198703,2.0,2.254984,3.119838557195228,0.048925,2.254984,4.2404371,4.461043,2.0,0.9391,0.4087077195258244,0.6501,0.9391,1.1991999999999998,1.2281,2.0,1.352782,0.9654100599268685,0.670134,1.352782,1.9671651999999997,2.03543,2.0,1.186705e+196,inf,9.9341e+195,1.186705e+196,1.3606705e+196,1.38e+196,2.0,1.4873900000000001e+49,2.103487110538118e+49,7.4045e-146,1.4873900000000001e+49,2.8260410000000003e+49,2.9747800000000003e+49,2.0,1.9086255,2.69920406759113,2.9e-293,1.9086255,3.62638845,3.817251,2.0,3.3460775,0.5289010230851325,2.972088,3.3460775,3.6826680499999997,3.720067,2.0,15.2035,21.50099589553935,5.692e-195,15.2035,28.88665,30.407,2.0,53.20223,34.74569987685958,28.63331,53.20223,75.31425800000001,77.77115,2.0,0.011671500000000001,0.014698628660524765,0.001278,0.011671500000000001,0.02102565,0.022065,2.0,0.2921,0.34358318497854345,0.04915,0.2921,0.510755,0.53505,2.0,9.589167000000002,10.797892486885486,1.953904,9.589167000000002,16.460903700000003,17.22443,2.0,0.12073199999999999,0.03517856236403073,0.095857,0.12073199999999999,0.14311949999999998,0.145607,2.0,0.310229,0.40888732464824584,0.021102,0.310229,0.5704433,0.599356,2.0,3.385095e-97,1.1691374230816499e-97,2.55839e-97,3.385095e-97,4.1291295e-97,4.2118e-97,2.0,11.863693000000001,13.68070177995917,2.189976,11.863693000000001,20.5700383,21.53741,2.0,9.50139215,3.281569222269743,7.1809723,9.50139215,11.589770015,11.821812,2.0,11.1022415,2.5133947902716147,9.325003,11.1022415,12.70175615,12.87948,2.0,3.7303035,0.9237734913302611,3.077097,3.7303035,4.31818935,4.38351,2.0,14.89332,1.163218939323118,14.0708,14.89332,15.633588,15.71584,2.0,7.051883500000001,6.089174385762368,2.746187,7.051883500000001,10.92701035,11.35758,2.0,31.12457,1.6249596674379339,29.97555,31.12457,32.158688,32.27359,2.0,10.42802,9.835982605525489,3.47293,10.42802,16.687600999999997,17.38311,2.0,9.0442315,1.512159872382712,7.974973,9.0442315,10.006564149999999,10.11349,0.0,,,,,,,2.0,3.5038505,0.5468007241440888,3.117204,3.5038505,3.85183235,3.890497,0.0,,,,,,,2.0,0.117982,0.11242997820866105,0.038482,0.117982,0.189532,0.197482,2.0,3.4178255,1.2702996547321026,2.519588,3.4178255,4.22623925,4.316063,0.0,,,,,,,1.0,1.922873,,1.922873,1.922873,1.922873,1.922873,1.0,1.178617,,1.178617,1.178617,1.178617,1.178617,2.0,5.61719,5.882425555331576,1.457687,5.61719,9.3607427,9.776693,2.0,0.5216164999999999,0.515685197344756,0.156972,0.5216164999999999,0.8497965499999999,0.886261,2.0,0.3041435,0.19176523773744814,0.168545,0.3041435,0.42618215,0.439742,2.0,1.0091665,0.10042401217089462,0.938156,1.0091665,1.07307595,1.080177,1.0,0.858953,,0.858953,0.858953,0.858953,0.858953,2.0,0.4010225,0.5671314583167645,1.5e-294,0.4010225,0.76194275,0.802045,2.0,0.1462335,0.12781732887406153,0.055853,0.1462335,0.22757595,0.236614,2.0,12.8773063,5.871283956623133,8.7256816,12.8773063,16.613768529999998,17.028931,2.0,3.0693384999999997,1.5746963961108504,1.95586,3.0693384999999997,4.0714691499999995,4.182817,2.0,77.339527,104.66604898882282,3.329454,77.339527,143.9485927,151.3496,2.0,2.276611,0.26259541690212346,2.090928,2.276611,2.4437257000000003,2.462294,2.0,0.1045125,0.10633401064805183,0.029323,0.1045125,0.17218305,0.179702,2.0,3.9200850000000003,0.060952604538280594,3.876985,3.9200850000000003,3.958875,3.963185
9M,0.1-1%,5.0,1.1516464,0.6534492855737161,0.643573,1.082507,2.0226475999999995,2.242793,5.0,1.257079874,1.2468064946837303,2.7964500000000003e-98,0.77826729,2.71610276,2.8088745,5.0,24.4320738,12.813708925558096,9.972679,22.00317,38.264018,38.68039,5.0,0.8005252,0.6171568886905501,0.105505,0.871179,1.5495737999999997,1.688183,5.0,10.2494302,3.951320820494863,6.79917,8.98164,15.597704799999999,17.02863,5.0,4.869308999999999,2.2435225310686095,2.254955,4.567551,7.7170812,8.459177,5.0,0.9851012000000001,0.37990783505042375,0.506151,1.132974,1.3818291999999999,1.435823,5.0,9.924083999999999,5.972083744694517,4.951527,8.024173,18.060702,20.06825,5.0,9.4000946,2.244736324661273,7.406701,8.257254,11.943236,12.01765,5.0,1.1759472,0.1550398812715618,0.985703,1.237927,1.3169672,1.321384,5.0,7.95074e+195,inf,1.00182e-96,3.9687e+195,2.06852e+196,2.2547e+196,5.0,8.24364e+146,9.028085458611918e+146,2.704e-145,9.006200000000001e+146,1.955e+147,2.1846e+147,5.0,3.8364766,3.5536641368487256,4e-195,5.237314,7.5880491999999995,8.089454,5.0,8.9761954,14.950707025782318,0.715232,3.596128,29.248051799999995,35.60271,5.0,571.851768,666.4445009579833,1.813e-291,205.21425,1446.0576999999998,1574.6005,5.0,37.891558,33.14122004996904,5.29e-97,30.45991,80.60469599999999,91.02391,5.0,0.175667,0.11094624739034666,0.057298,0.124036,0.3095352,0.321409,5.0,2.4890192,1.6240627551634819,0.746203,1.657451,4.422036599999999,4.572285,5.0,41.0271338,81.75555091955373,0.22237,3.596798,152.29562199999995,186.9543,5.0,1.0431242,1.0485468662972104,0.042941,0.725802,2.1986166,2.228367,5.0,1.5531343999999998,0.6350814815106799,0.581803,1.724664,2.1476926,2.194157,5.0,6.254520000000001e+195,inf,1.53809e-96,6.544297,2.2328519999999996e+196,2.679e+196,5.0,10.433633400000002,8.031054294472227,2.005121,9.425424,20.925005999999996,23.61907,5.0,3.9034e+291,inf,1.3461751,43.17148,1.5613599999999996e+292,1.9517e+292,5.0,51.396806000000005,14.169788124429736,32.7161,57.65397,64.69897,65.70857,5.0,22.4871514,10.74632340875682,6.070467,26.84988,31.531264,31.85565,5.0,3.6685884,6.158540605975111,0.31837,0.816319,12.086526999999997,14.63538,5.0,18.839835200000003,32.83132276532146,0.25808,6.399691,63.626282399999994,77.16849,5.0,159.819233,344.16408873777345,0.110653,3.098211,624.2343219999999,775.3055,5.0,27.680794800000008,57.55324687793729,0.205341,0.761616,105.73902839999998,130.5233,5.0,17.1300106,6.058667809641142,8.938233,15.31946,23.229698,23.28755,2.0,1.9730205,0.7904103239713537,1.414116,1.9730205,2.4760345500000005,2.531925,5.0,47.6802152,82.58392714190234,0.022418,17.32066,160.47941799999998,194.0776,3.0,14.947263000000001,10.890910532376852,2.481259,19.74465,22.328757,22.61588,4.0,0.32201975,0.03372512513814193,0.292404,0.3149755,0.36054374999999994,0.365724,5.0,3.2214150000000004,1.6849996485152452,0.494461,3.576729,4.82757,5.114627,2.0,5.464821000000001,4.293249733662369,2.429035,5.464821000000001,8.1970284,8.500607,4.0,3.4630495000000003,0.8965365667338953,2.63356,3.3848905,4.380457,4.448857,4.0,9.658262500000001,9.113689367901324,3.842078,5.816371,20.757654749999993,23.15823,5.0,7.909713999999999,8.369673120062455,3.769427,4.128391,19.265327399999997,22.86234,5.0,0.8985888,0.4272678062312909,0.426063,0.688162,1.3949761999999999,1.426334,5.0,4.9540476,8.48925025718139,0.027815,1.942698,16.495178799999998,20.04188,5.0,2.3834820000000003,4.408817660205398,0.090623,0.617387,8.337323399999999,10.25935,3.0,0.6067266666666667,0.22038123787957387,0.42086,0.549134,0.8200807999999999,0.850186,5.0,1.0179774,0.7825715600740931,0.298033,0.838183,2.0693905999999997,2.331381,4.0,19.995286250000003,34.10118460815944,0.599001,4.245862,61.43512124999999,70.89042,5.0,10.29954512,15.981723530413385,0.3908624,4.5319941,31.914490459999993,38.721951,5.0,5.9178108,3.4685905357233655,2.512626,6.111819,10.216235600000001,10.99417,5.0,13.954775999999999,8.772252328092826,5.63355,12.19172,24.512632,25.58717,5.0,20.2945976,13.826143448521673,1.466368,17.97989,36.089292,37.95561,5.0,0.2859338,0.24530821080877013,0.09474,0.227149,0.6171892,0.712914,5.0,11.541915399999999,7.499368346693993,1.59511,12.95382,20.229215999999997,22.02899
9M,<0.1%,11.0,0.9682795454545455,0.6051230953935511,0.429186,0.82653,1.9738280000000001,2.45746,11.0,2.043649551545454,1.814323109758087,1.51325e-98,2.0292623,4.9612972,6.0880122,11.0,26.186210545454546,16.502588945764458,9.747736,23.75052,52.288825,64.26097,11.0,1.0281877272727273,1.4196722744642223,0.050357,0.503554,3.7122479999999998,4.711914,11.0,6.632896636363636,2.6140651582064773,1.646791,7.020769,10.013756,10.14332,11.0,2.4183836363636364,2.205592555829669,1.6999999999999998e-295,1.72849,5.876901999999999,6.371477,11.0,1.2095053636363635,0.9314487585172114,0.389444,0.793408,2.7569925,3.405223,11.0,7.966898363636364,2.4878373595304923,3.352123,7.343853,11.42145,11.48343,11.0,6.867267454545455,2.986567363760388,1.519203,6.859782,11.02524,11.30328,11.0,1.0528055454545453,0.665007468010302,0.332469,0.962709,2.238009,2.6282,11.0,1.5414354545454545e+196,inf,1.33231e-97,7.4423e+195,5.2362500000000004e+196,7.2699e+196,11.0,1.0827745454545454e+147,1.0007506615072871e+147,2.2885999999999998e-145,1.1696e+147,2.6502000000000003e+147,3.0321e+147,11.0,4.527666,6.798335678240712,3.1000000000000004e-195,1.901592,17.637455,21.30403,11.0,1.9414978181818183,1.1989478371527944,0.323056,1.875679,3.6815305,4.368817,11.0,311.50721254545454,345.4810431960621,18.52695,200.24108,941.27027,1122.2976,11.0,62.96296363636363,50.92364966080087,12.8677,58.05592,144.74699999999999,178.378,11.0,0.21223872727272727,0.3175601795440011,0.000821,0.088981,0.7787105000000001,1.028674,11.0,3.4049680909090907,2.363417877939171,0.360721,3.155962,7.0828425,8.756322,11.0,9.186783454545456,13.849743749250859,0.493903,3.016463,31.58891,47.76589,11.0,1.2640635454545455,1.1275554918640025,0.229241,1.065841,3.107996,4.028326,11.0,1.525128,0.8717792430068521,0.380893,1.584077,2.705362,2.933155,11.0,3.0572454545454546e+195,inf,2.04549e-97,1.091e+195,9.101100000000001e+195,1.0176e+196,11.0,9.45196409090909,7.30124382886562,2.47301,6.468465,21.681975,25.30389,11.0,6.898997496363635,10.367758067615686,0.88913992,3.0071232,23.317576,36.539092,11.0,50.236737272727275,24.581401019421204,14.32589,51.64405,83.289805,84.04662,11.0,18.188903545454547,9.456636292509513,6.199833,17.14049,28.617330000000003,28.71396,11.0,2.7791520909090917,3.5961525570241997,0.240245,1.469728,9.156503,12.31203,11.0,5.007280727272727,7.309301351798108,0.395261,1.736587,16.6721575,25.16822,11.0,24.83244881818182,34.71773454513155,0.237188,4.249803,85.69336,87.6936,11.0,5.125499454545454,7.864105889342619,0.349434,1.194508,17.862291,26.46324,11.0,21.225846454545454,34.76039233414324,1.39815,8.188766,74.54080499999999,122.862,9.0,2.356482,1.7423443353819301,0.257515,1.664098,5.194744999999999,5.287089,11.0,10.779134636363635,15.470009683311696,0.660107,2.709923,36.63983,50.68075,9.0,29.63313877777778,29.743128142800135,3.624648,12.50073,76.40183599999999,84.27688,11.0,0.3788116363636364,0.2268652270694091,0.095839,0.346091,0.748849,0.794036,11.0,4.290050727272727,2.142161826999963,2.213448,3.588011,8.417488,8.697103,4.0,35.849940249999996,61.23735565248117,0.119319,8.111921,110.35683899999997,127.0566,11.0,2.8925902727272725,1.7361303154685763,1.303194,2.48964,6.0481555,6.097962,10.0,8.2007356,7.636343335816506,0.529877,4.8820855000000005,18.976578500000002,19.4006,11.0,5.395704454545455,7.572857034922873,1.147853,3.376805,16.8678115,27.81731,11.0,0.6429073636363637,0.34222456660218675,0.271499,0.71039,1.154537,1.195704,11.0,1.2715314545454544,1.384922722121878,0.17236,0.725721,3.769465,4.769722,11.0,1.0314609090909093,1.1672780903425246,0.184146,0.526948,3.111979,4.211951,10.0,0.9862606999999999,0.8290376125156003,0.145855,0.659107,2.2816186,2.4415,11.0,1.2071572727272726,1.2035837589545724,0.063202,0.585034,3.186681,3.246996,11.0,3.886190272727272,6.6082826823569984,0.097054,0.787472,14.838135,21.72309,11.0,7.567556463636364,8.059899525890424,1.3724953,5.4603514,21.646195,28.641022,11.0,8.578559727272728,8.447939032952275,1.3559,6.858305,21.82593,31.63919,11.0,11.418305,6.0510053032862565,3.671566,12.33025,20.144759999999998,23.87987,11.0,29.62540654545455,36.76881205881652,1.978622,20.77513,86.60119,135.5771,11.0,0.5419483636363637,0.6390132351155604,0.063312,0.287589,1.728421,2.085989,11.0,12.72363318181818,11.92213719135538,3.6e-293,10.24812,32.917345,41.23597
9M,>1%,9.0,0.9211821111111109,0.6270276073171429,0.225459,0.670329,1.8830441999999996,2.110925,9.0,0.6846978291111112,0.9589589168011879,1.0857e-196,0.46029282,2.246940939999999,3.0800673,9.0,21.88376222222222,12.337207768650265,4.85481,21.09514,40.46999399999999,47.40033,9.0,0.9524815555555557,0.607050015926429,0.082426,1.109883,1.7043744,1.744702,9.0,9.526818666666665,5.204569440676097,2.096802,8.01544,16.789868,17.68224,9.0,0.9979031111111111,1.0167716095134693,2.4999999999999996e-295,0.935065,2.5428732,2.660166,9.0,0.4836181111111111,0.29455683325652304,0.006999,0.3976,0.8335286000000001,0.841485,9.0,7.621492666666665,4.596261132073981,0.048925,7.599558,14.208075999999998,16.91958,9.0,7.300600222222221,5.476415212519358,0.6501,6.469695,16.047052,17.44834,9.0,0.9035446666666667,0.6149137582112633,0.195772,0.670134,1.8817472,2.03543,9.0,1.4830900000000002e+196,inf,7.04974e+97,9.9341e+195,3.91026e+196,4.0409e+196,9.0,3.9756333333333336e+146,4.914521102050535e+146,3.0377e-146,3.5944000000000003e+146,1.1843879999999998e+147,1.447e+147,9.0,1.454020888888889,1.8024351534382899,6.9e-294,0.259534,4.0758678,4.248279,9.0,2.4051133333333334,1.7451802213596022,0.304524,2.040784,4.8126786,5.522419,9.0,201.72493533333335,352.8679624530867,4.5319999999999996e-293,30.407,822.0192399999999,1038.13,9.0,46.08445888888889,17.413351643891282,22.66483,48.05764,70.11345,77.77115,9.0,0.08000777777777777,0.12834475405112764,0.000364,0.022065,0.3103796,0.355882,9.0,1.6796688888888887,2.29665635898666,0.035495,0.53505,5.6887294,6.263383,9.0,7.331449333333334,6.030936152200523,0.558771,5.859681,15.959182000000002,17.22443,9.0,0.5469446666666667,0.4597369648861727,0.095857,0.36333,1.2049758000000002,1.207995,9.0,0.8355624444444444,0.8544948830537418,0.021102,0.599356,2.2421165999999997,2.437731,9.0,3.1927888888888885e+195,inf,2.55839e-97,1.6899e+195,7.866799999999999e+195,8.8378e+195,9.0,6.043093111111111,6.865480094947192,0.73756,2.189976,17.357021999999997,21.53741,9.0,4.582175744444444,3.30542807776959,1.5297991,4.484175,9.965476119999998,11.821812,9.0,32.00666888888889,22.461553492284732,0.004557,41.10598,56.749452000000005,56.98182,9.0,13.910406000000002,9.914647625182614,0.002927,15.7966,26.884674,28.02711,9.0,15.295871888888891,31.047915274845742,0.679893,2.032234,64.25346999999996,96.61189,9.0,4.161401777777778,4.256774066602896,0.888689,2.57343,11.559996000000002,11.69494,9.0,18.170934777777777,13.877052030376118,0.207002,16.24222,33.478552,34.28186,9.0,3.770306777777778,5.311604347835236,0.052978,2.298672,12.109083599999995,17.38311,9.0,4.8339982966666675,5.105175145394994,9.67e-06,2.273074,13.123587999999998,15.13032,4.0,3.1826357499999998,2.81693301362982,1.326812,2.0429385,6.613006999999999,7.317854,9.0,4.498841333333334,3.582225509275484,0.674727,3.890497,10.1803904,10.98367,5.0,16.911838,5.835289774618738,10.59961,18.20545,22.474372000000002,22.54007,9.0,0.21262177777777777,0.07706255038080717,0.038482,0.210178,0.30150879999999997,0.31,9.0,3.2942283333333333,1.1774262805613351,1.917929,2.748203,4.6871272,4.82367,5.0,4.2806258,3.1086545981513773,0.804173,3.560171,8.323482199999999,9.214698,7.0,1.8642474285714283,1.333317930055801,0.48533,1.152505,3.8307130999999996,4.036916,7.0,7.1120969999999994,4.713144739730046,0.133834,8.191163,11.999319699999997,13.03759,9.0,12.927855888888887,28.61178859274303,0.591911,2.994591,57.208293199999964,88.82936,8.0,0.500066875,0.29189104895365986,0.156972,0.438722,0.8584345999999999,0.886261,9.0,0.5416727777777778,0.35996861891968374,0.165449,0.439742,1.0493172,1.148992,9.0,0.625511,0.3208568738121407,0.171469,0.659581,1.0233686,1.080177,7.0,0.47208471428571425,0.2551696735244442,0.165614,0.457096,0.7975780999999998,0.858953,9.0,0.4765073333333334,0.3130433184257412,1.5e-294,0.456452,0.8717248,0.918178,9.0,1.1911762222222224,1.619976446137472,0.055853,0.236796,3.836504999999999,4.893813,9.0,12.29183131111111,13.952441242828415,0.8773324,6.0224382,35.430419,35.989909,9.0,8.369907555555555,5.410179510966576,0.119349,9.54692,15.245534,17.26339,9.0,26.624262888888893,47.67005888128565,0.534077,13.1097,103.09370399999996,151.3496,9.0,16.307532666666663,12.76253306539177,2.090928,14.17809,32.201044,32.89106,9.0,0.28395966666666667,0.2873548159436344,0.017337,0.179702,0.7547454,0.789181,9.0,12.88876111111111,8.550709749766675,5.3000000000000003e-197,13.94797,23.160117999999997,24.19965
